0;0.85;0;0;276.71;ltr;false;false;false
90;0.85;0;0;276.71;ltr;false;false;false
810;-1.85;0;0;276.67;rtl;false;true;false
900;-1.85;0;0;276.67;rtl;false;true;false
1710;-0.93;0;0;276.62;rtl;false;false;false
1800;-0.93;0;0;276.62;rtl;false;false;false
2610;2.49;0;0;276.61;ltr;false;true;false
2700;2.49;0;0;276.61;ltr;false;true;false
3510;-0.43;0;0;276.60;rtl;false;true;false
3600;-0.43;0;0;276.60;rtl;false;true;false
4410;0.39;0;0;276.58;ltr;false;true;false
4500;0.39;0;0;276.58;ltr;false;true;false
5310;1.64;0;0;276.57;ltr;false;false;false
5400;1.64;0;0;276.57;ltr;false;false;false
6210;-1.26;0;0;276.51;rtl;false;true;false
6300;-1.26;0;0;276.51;rtl;false;true;false
7110;5.00;0;0;276.45;ltr;false;true;false
7200;5.00;0;0;276.45;ltr;false;true;false
8010;-0.11;0;0;276.39;rtl;false;true;false
8100;-0.11;0;0;276.39;rtl;false;true;false
8910;5.20;0;0;276.33;ltr;false;true;false
9000;5.20;0;0;276.33;ltr;false;true;false
9810;4.89;0;0;276.35;ltr;false;false;false
9900;4.89;0;0;276.35;ltr;false;false;false
10710;-0.97;0;0;276.37;rtl;false;true;false
10800;-0.97;0;0;276.37;rtl;false;true;false
11610;1.18;0;0;276.39;ltr;false;true;false
11700;1.18;0;0;276.39;ltr;false;true;false
12510;5.50;0;0;276.41;ltr;false;false;false
12600;5.50;0;0;276.41;ltr;false;false;false
13410;3.83;0;0;276.43;ltr;false;false;false
13500;3.83;0;0;276.43;ltr;false;false;false
14310;1.97;0;0;276.44;ltr;false;false;false
14400;1.97;0;0;276.44;ltr;false;false;false
15210;4.02;0;0;276.45;ltr;false;false;false
15300;4.02;0;0;276.45;ltr;false;false;false
16110;3.89;0;0;276.46;ltr;false;false;false
16200;3.89;0;0;276.46;ltr;false;false;false
17010;4.26;0;0;276.46;ltr;false;false;false
17100;4.26;0;0;276.46;ltr;false;false;false
17910;5.56;0;0;276.45;ltr;false;false;false
18000;5.56;0;0;276.45;ltr;false;false;false
18810;2.81;0;0;276.44;ltr;false;false;false
18900;2.81;0;0;276.44;ltr;false;false;false
19710;4.93;0;0;276.44;ltr;false;false;false
19800;4.93;0;0;276.44;ltr;false;false;false
20610;4.61;0;0;276.38;ltr;false;false;false
20700;4.61;0;0;276.38;ltr;false;false;false
21510;4.46;0;0;276.32;ltr;false;false;false
21600;4.46;0;0;276.32;ltr;false;false;false
22410;2.99;0;0;276.26;ltr;false;false;false
22500;2.99;0;0;276.26;ltr;false;false;false
23310;4.22;0;0;276.20;ltr;false;false;false
23400;4.22;0;0;276.20;ltr;false;false;false
24210;6.12;0;0;276.15;ltr;false;false;false
24300;6.12;0;0;276.15;ltr;false;false;false
25110;5.86;0;0;276.10;ltr;false;false;false
25200;5.86;0;0;276.10;ltr;false;false;false
26010;2.10;0;0;276.04;ltr;false;false;false
26100;2.10;0;0;276.04;ltr;false;false;false
26910;4.46;0;0;275.99;ltr;false;false;false
27000;4.46;0;0;275.99;ltr;false;false;false
27810;4.86;0;0;275.98;ltr;false;false;false
27900;4.86;0;0;275.98;ltr;false;false;false
28710;5.07;0;0;275.96;ltr;false;false;false
28800;5.07;0;0;275.96;ltr;false;false;false
29610;4.83;0;0;275.95;ltr;false;false;false
29700;4.83;0;0;275.95;ltr;false;false;false
30510;5.25;0;0;275.94;ltr;false;false;false
30600;5.25;0;0;275.94;ltr;false;false;false
31410;5.51;0;0;275.93;ltr;false;false;false
31500;5.51;0;0;275.93;ltr;false;false;false
32310;7.28;0;0;275.92;ltr;false;false;false
32400;7.28;0;0;275.92;ltr;false;false;false
33210;5.51;0;0;275.92;ltr;false;false;false
33300;5.51;0;0;275.92;ltr;false;false;false
34110;5.01;0;0;275.91;ltr;false;false;false
34200;5.01;0;0;275.91;ltr;false;false;false
35010;5.61;0;0;275.89;ltr;false;false;false
35100;5.61;0;0;275.89;ltr;false;false;false
35910;7.69;0;0;275.87;ltr;false;false;false
36000;7.69;0;0;275.87;ltr;false;false;false
36810;8.32;0;0;275.85;ltr;false;false;false
36900;8.32;0;0;275.85;ltr;false;false;false
37710;4.48;0;0;275.83;ltr;false;false;false
37800;4.48;0;0;275.83;ltr;false;false;false
38610;6.77;0;0;275.80;ltr;false;false;false
38700;6.77;0;0;275.80;ltr;false;false;false
39510;5.09;0;0;275.78;ltr;false;false;false
39600;5.09;0;0;275.78;ltr;false;false;false
40410;4.18;0;0;275.75;ltr;false;false;false
40500;4.18;0;0;275.75;ltr;false;false;false
41310;5.09;0;0;275.72;ltr;false;false;false
41400;5.09;0;0;275.72;ltr;false;false;false
42210;4.60;0;0;275.69;ltr;false;false;false
42300;4.60;0;0;275.69;ltr;false;false;false
43110;5.26;0;0;275.66;ltr;false;false;false
43200;5.26;0;0;275.66;ltr;false;false;false
44010;6.05;0;0;275.62;ltr;false;false;false
44100;6.05;0;0;275.62;ltr;false;false;false
44910;5.09;0;0;275.59;ltr;false;false;false
45000;5.09;0;0;275.59;ltr;false;false;false
45810;5.64;0;0;275.61;ltr;false;false;false
45900;5.64;0;0;275.61;ltr;false;false;false
46710;6.22;0;0;275.63;ltr;false;false;false
46800;6.22;0;0;275.63;ltr;false;false;false
47610;7.28;0;0;275.65;ltr;false;false;false
47700;7.28;0;0;275.65;ltr;false;false;false
48510;8.85;0;0;275.67;ltr;false;false;false
48600;8.85;0;0;275.67;ltr;false;false;false
49410;8.31;0;0;275.65;ltr;false;false;false
49500;8.31;0;0;275.65;ltr;false;false;false
50310;7.94;0;0;275.63;ltr;false;false;false
50400;7.94;0;0;275.63;ltr;false;false;false
51210;8.89;0;0;275.61;ltr;false;false;false
51300;8.89;0;0;275.61;ltr;false;false;false
52110;8.28;0;0;275.59;ltr;false;false;false
52200;8.28;0;0;275.59;ltr;false;false;false
53010;8.94;0;0;275.61;ltr;false;false;false
53100;8.94;0;0;275.61;ltr;false;false;false
53910;8.78;0;0;275.63;ltr;false;false;false
54000;8.78;0;0;275.63;ltr;false;false;false
54810;8.87;0;0;275.65;ltr;false;false;false
54900;8.87;0;0;275.65;ltr;false;false;false
55710;9.80;0;0;275.67;ltr;false;false;false
55800;9.80;0;0;275.67;ltr;false;false;false
56610;7.23;0;0;275.62;ltr;false;false;false
56700;7.23;0;0;275.62;ltr;false;false;false
57510;9.75;0;0;275.56;ltr;false;false;false
57600;9.75;0;0;275.56;ltr;false;false;false
58410;10.59;0;0;275.51;ltr;false;false;false
58500;10.59;0;0;275.51;ltr;false;false;false
59310;9.58;0;0;275.46;ltr;false;false;false
59400;9.58;0;0;275.46;ltr;false;false;false
60210;8.74;0;0;275.40;ltr;false;false;false
60300;8.74;0;0;275.40;ltr;false;false;false
61110;7.97;0;0;275.35;ltr;false;false;false
61200;7.97;0;0;275.35;ltr;false;false;false
62010;8.83;0;0;275.30;ltr;false;false;false
62100;8.83;0;0;275.30;ltr;false;false;false
62910;9.70;0;0;275.24;ltr;false;false;false
63000;9.70;0;0;275.24;ltr;false;false;false
63810;10.33;0;0;275.30;ltr;false;false;false
63900;10.33;0;0;275.30;ltr;false;false;false
64710;8.89;0;0;275.35;ltr;false;false;false
64800;8.89;0;0;275.35;ltr;false;false;false
65610;11.86;0;0;275.40;ltr;false;false;false
65700;11.86;0;0;275.40;ltr;false;false;false
66510;11.73;0;0;275.46;ltr;false;false;false
66600;11.73;0;0;275.46;ltr;false;false;false
67410;9.97;0;0;275.44;ltr;false;false;false
67500;9.97;0;0;275.44;ltr;false;false;false
68310;11.33;0;0;275.43;ltr;false;false;false
68400;11.33;0;0;275.43;ltr;false;false;false
69210;12.24;0;0;275.42;ltr;false;false;false
69300;12.24;0;0;275.42;ltr;false;false;false
70110;12.30;0;0;275.40;ltr;false;false;false
70200;12.30;0;0;275.40;ltr;false;false;false
71010;11.78;0;0;275.48;ltr;false;false;false
71100;11.78;0;0;275.48;ltr;false;false;false
71910;13.19;0;0;275.56;ltr;false;false;false
72000;13.19;0;0;275.56;ltr;false;false;false
72810;12.52;0;0;275.64;ltr;false;false;false
72900;12.52;0;0;275.64;ltr;false;false;false
73710;11.51;0;0;275.72;ltr;false;false;false
73800;11.51;0;0;275.72;ltr;false;false;false
74610;11.32;0;0;275.72;ltr;false;false;false
74700;11.32;0;0;275.72;ltr;false;false;false
75510;11.24;0;0;275.71;ltr;false;false;false
75600;11.24;0;0;275.71;ltr;false;false;false
76410;9.17;0;0;275.70;ltr;false;false;false
76500;9.17;0;0;275.70;ltr;false;false;false
77310;12.21;0;0;275.70;ltr;false;false;false
77400;12.21;0;0;275.70;ltr;false;false;false
78210;11.67;0;0;275.80;ltr;false;false;false
78300;11.67;0;0;275.80;ltr;false;false;false
79110;12.15;0;0;275.90;ltr;false;false;false
79200;12.15;0;0;275.90;ltr;false;false;false
80010;12.51;0;0;276.00;ltr;false;false;false
80100;12.51;0;0;276.00;ltr;false;false;false
80910;12.70;0;0;276.10;ltr;false;false;false
81000;12.70;0;0;276.10;ltr;false;false;false
81810;12.72;0;0;276.19;ltr;false;false;false
81900;12.72;0;0;276.19;ltr;false;false;false
82710;14.93;0;0;276.28;ltr;false;false;false
82800;14.93;0;0;276.28;ltr;false;false;false
83610;14.15;0;0;276.37;ltr;false;false;false
83700;14.15;0;0;276.37;ltr;false;false;false
84510;14.04;0;0;276.46;ltr;false;false;false
84600;14.04;0;0;276.46;ltr;false;false;false
85410;12.82;0;0;276.43;ltr;false;false;false
85500;12.82;0;0;276.43;ltr;false;false;false
86310;13.48;0;0;276.40;ltr;false;false;false
86400;13.48;0;0;276.40;ltr;false;false;false
87210;16.20;0;0;276.37;ltr;false;false;false
87300;16.20;0;0;276.37;ltr;false;false;false
88110;14.88;0;0;276.33;ltr;false;false;false
88200;14.88;0;0;276.33;ltr;false;false;false
89010;14.74;0;0;276.27;ltr;false;false;false
89100;14.74;0;0;276.27;ltr;false;false;false
89910;11.88;0;0;276.20;ltr;false;false;false
90000;11.88;0;0;276.20;ltr;false;false;false
90810;12.21;0;0;276.13;ltr;false;false;false
90900;12.21;0;0;276.13;ltr;false;false;false
91710;15.17;0;0;276.07;ltr;false;false;false
91800;15.17;0;0;276.07;ltr;false;false;false
92610;14.92;0;0;275.92;ltr;false;false;false
92700;14.92;0;0;275.92;ltr;false;false;false
93510;0.72;0;0;275.76;ltr;false;false;false
93600;0.72;0;0;275.76;ltr;false;false;false
94410;13.35;0;0;275.61;ltr;false;false;false
94500;13.35;0;0;275.61;ltr;false;false;false
95310;12.33;0;0;275.46;ltr;false;false;false
95400;12.33;0;0;275.46;ltr;false;false;false
96210;11.79;0;0;275.41;ltr;false;false;false
96300;11.79;0;0;275.41;ltr;false;false;false
97110;12.33;0;0;275.36;ltr;false;false;false
97200;12.33;0;0;275.36;ltr;false;false;false
98010;11.44;0;0;275.32;ltr;false;false;false
98100;11.44;0;0;275.32;ltr;false;false;false
98910;10.16;0;0;275.27;ltr;false;false;false
99000;10.16;0;0;275.27;ltr;false;false;false
99810;11.95;0;0;275.23;ltr;false;false;false
99900;11.95;0;0;275.23;ltr;false;false;false
100710;11.57;0;0;275.19;ltr;false;false;false
100800;11.57;0;0;275.19;ltr;false;false;false
101610;11.47;0;0;275.15;ltr;false;false;false
101700;11.47;0;0;275.15;ltr;false;false;false
102510;9.01;0;0;275.11;ltr;false;false;false
102600;9.01;0;0;275.11;ltr;false;false;false
103410;5.91;0;0;275.21;ltr;false;false;false
103500;5.91;0;0;275.21;ltr;false;false;false
104310;7.63;0;0;275.31;ltr;false;false;false
104400;7.63;0;0;275.31;ltr;false;false;false
105210;9.01;0;0;275.41;ltr;false;false;false
105300;9.01;0;0;275.41;ltr;false;false;false
106110;9.24;0;0;275.51;ltr;false;false;false
106200;9.24;0;0;275.51;ltr;false;false;false
107010;7.61;0;0;275.43;ltr;false;false;false
107100;7.61;0;0;275.43;ltr;false;false;false
107910;8.74;0;0;275.35;ltr;false;false;false
108000;8.74;0;0;275.35;ltr;false;false;false
108810;8.16;0;0;275.27;ltr;false;false;false
108900;8.16;0;0;275.27;ltr;false;false;false
109710;8.56;0;0;275.19;ltr;false;false;false
109800;8.56;0;0;275.19;ltr;false;false;false
110610;8.14;0;0;275.22;ltr;false;false;false
110700;8.14;0;0;275.22;ltr;false;false;false
111510;10.97;0;0;275.26;ltr;false;false;false
111600;10.97;0;0;275.26;ltr;false;false;false
112410;8.61;0;0;275.29;ltr;false;false;false
112500;8.61;0;0;275.29;ltr;false;false;false
113310;8.83;0;0;275.32;ltr;false;false;false
113400;8.83;0;0;275.32;ltr;false;false;false
114210;8.74;0;0;275.24;ltr;false;false;false
114300;8.74;0;0;275.24;ltr;false;false;false
115110;11.27;0;0;275.15;ltr;false;false;false
115200;11.27;0;0;275.15;ltr;false;false;false
116010;8.70;0;0;275.06;ltr;false;false;false
116100;8.70;0;0;275.06;ltr;false;false;false
116910;8.29;0;0;274.97;ltr;false;false;false
117000;8.29;0;0;274.97;ltr;false;false;false
117810;5.72;0;0;274.99;ltr;false;false;false
117900;5.72;0;0;274.99;ltr;false;false;false
118710;6.48;0;0;275.00;ltr;false;false;false
118800;6.48;0;0;275.00;ltr;false;false;false
119610;5.56;0;0;275.01;ltr;false;false;false
119700;5.56;0;0;275.01;ltr;false;false;false
120510;5.05;0;0;275.03;ltr;false;false;false
120600;5.05;0;0;275.03;ltr;false;false;false
121410;6.37;0;0;274.83;ltr;false;false;false
121500;6.37;0;0;274.83;ltr;false;false;false
122310;3.52;0;0;274.64;ltr;false;false;false
122400;3.52;0;0;274.64;ltr;false;false;false
123210;4.58;0;0;274.44;ltr;false;false;false
123300;4.58;0;0;274.44;ltr;false;false;false
124110;3.59;0;0;274.24;ltr;false;false;false
124200;3.59;0;0;274.24;ltr;false;false;false
125010;3.05;0;0;274.18;ltr;false;false;false
125100;3.05;0;0;274.18;ltr;false;false;false
125910;2.92;0;0;274.11;ltr;false;false;false
126000;2.92;0;0;274.11;ltr;false;false;false
126810;4.15;0;0;274.04;ltr;false;false;false
126900;4.15;0;0;274.04;ltr;false;false;false
127710;2.58;0;0;273.97;ltr;false;false;false
127800;2.58;0;0;273.97;ltr;false;false;false
128610;3.25;0;0;274.09;ltr;false;false;false
128700;3.25;0;0;274.09;ltr;false;false;false
129510;3.34;0;0;274.20;ltr;false;false;false
129600;3.34;0;0;274.20;ltr;false;false;false
130410;3.30;0;0;274.32;ltr;false;false;false
130500;3.30;0;0;274.32;ltr;false;false;false
131310;3.21;0;0;274.43;ltr;false;false;false
131400;3.21;0;0;274.43;ltr;false;false;false
132210;2.95;0;0;274.28;ltr;false;false;false
132300;2.95;0;0;274.28;ltr;false;false;false
133110;3.76;0;0;274.13;ltr;false;false;false
133200;3.76;0;0;274.13;ltr;false;false;false
134010;3.38;0;0;273.98;ltr;false;false;false
134100;3.38;0;0;273.98;ltr;false;false;false
134910;1.54;0;0;273.83;ltr;false;false;false
135000;1.54;0;0;273.83;ltr;false;false;false
135810;4.20;0;0;273.79;ltr;false;false;false
135900;4.20;0;0;273.79;ltr;false;false;false
136710;2.42;0;0;273.74;ltr;false;false;false
136800;2.42;0;0;273.74;ltr;false;false;false
137610;1.58;0;0;273.69;ltr;false;false;false
137700;1.58;0;0;273.69;ltr;false;false;false
138510;2.01;0;0;273.64;ltr;false;false;false
138600;2.01;0;0;273.64;ltr;false;false;false
139410;2.50;0;0;273.76;ltr;false;false;false
139500;2.50;0;0;273.76;ltr;false;false;false
140310;4.84;0;0;273.88;ltr;false;false;false
140400;4.84;0;0;273.88;ltr;false;false;false
141210;3.31;0;0;273.99;ltr;false;false;false
141300;3.31;0;0;273.99;ltr;false;false;false
142110;1.55;0;0;274.11;ltr;false;false;false
142200;1.55;0;0;274.11;ltr;false;false;false
143010;2.49;0;0;274.05;ltr;false;false;false
143100;2.49;0;0;274.05;ltr;false;false;false
143910;4.29;0;0;273.99;ltr;false;false;false
144000;4.29;0;0;273.99;ltr;false;false;false
144810;2.17;0;0;273.92;ltr;false;false;false
144900;2.17;0;0;273.92;ltr;false;false;false
145710;4.07;0;0;273.86;ltr;false;false;false
145800;4.07;0;0;273.86;ltr;false;false;false
146610;2.46;0;0;273.97;ltr;false;false;false
146700;2.46;0;0;273.97;ltr;false;false;false
147510;2.63;0;0;274.08;ltr;false;false;false
147600;2.63;0;0;274.08;ltr;false;false;false
148410;3.77;0;0;274.19;ltr;false;false;false
148500;3.77;0;0;274.19;ltr;false;false;false
149310;5.48;0;0;274.30;ltr;false;false;false
149400;5.48;0;0;274.30;ltr;false;false;false
150210;4.46;0;0;274.22;ltr;false;false;false
150300;4.46;0;0;274.22;ltr;false;false;false
151110;4.90;0;0;274.13;ltr;false;false;false
151200;4.90;0;0;274.13;ltr;false;false;false
152010;5.93;0;0;274.05;ltr;false;false;false
152100;5.93;0;0;274.05;ltr;false;false;false
152910;4.09;0;0;273.97;ltr;false;false;false
153000;4.09;0;0;273.97;ltr;false;false;false
153810;6.82;0;0;274.09;ltr;false;false;false
153900;6.82;0;0;274.09;ltr;false;false;false
154710;5.42;0;0;274.20;ltr;false;false;false
154800;5.42;0;0;274.20;ltr;false;false;false
155610;5.90;0;0;274.32;ltr;false;false;false
155700;5.90;0;0;274.32;ltr;false;false;false
156510;6.52;0;0;274.43;ltr;false;false;false
156600;6.52;0;0;274.43;ltr;false;false;false
157410;6.23;0;0;274.49;ltr;false;false;false
157500;6.23;0;0;274.49;ltr;false;false;false
158310;4.18;0;0;274.54;ltr;false;false;false
158400;4.18;0;0;274.54;ltr;false;false;false
159210;5.13;0;0;274.60;ltr;false;false;false
159300;5.13;0;0;274.60;ltr;false;false;false
160110;5.96;0;0;274.65;ltr;false;false;false
160200;5.96;0;0;274.65;ltr;false;false;false
161010;9.84;0;0;274.64;ltr;false;false;false
161100;9.84;0;0;274.64;ltr;false;false;false
161910;13.35;0;0;274.64;ltr;false;false;false
162000;13.35;0;0;274.64;ltr;false;false;false
162810;6.37;0;0;274.63;ltr;false;false;false
162900;6.37;0;0;274.63;ltr;false;false;false
163710;6.01;0;0;274.62;ltr;false;false;false
163800;6.01;0;0;274.62;ltr;false;false;false
164610;6.94;0;0;274.58;ltr;false;false;false
164700;6.94;0;0;274.58;ltr;false;false;false
165510;9.03;0;0;274.53;ltr;false;false;false
165600;9.03;0;0;274.53;ltr;false;false;false
166410;10.71;0;0;274.48;ltr;false;false;false
166500;10.71;0;0;274.48;ltr;false;false;false
167310;9.62;0;0;274.43;ltr;false;false;false
167400;9.62;0;0;274.43;ltr;false;false;false
168210;9.30;0;0;274.61;ltr;false;false;false
168300;9.30;0;0;274.61;ltr;false;false;false
169110;13.17;0;0;274.79;ltr;false;false;false
169200;13.17;0;0;274.79;ltr;false;false;false
170010;6.26;0;0;274.96;ltr;false;false;false
170100;6.26;0;0;274.96;ltr;false;false;false
170910;6.82;0;0;275.14;ltr;false;false;false
171000;6.82;0;0;275.14;ltr;false;false;false
171810;7.02;0;0;274.76;ltr;false;false;false
171900;7.02;0;0;274.76;ltr;false;false;false
172710;9.01;0;0;274.38;ltr;false;false;false
172800;9.01;0;0;274.38;ltr;false;false;false
173610;4.83;0;0;274.00;ltr;false;false;false
173700;4.83;0;0;274.00;ltr;false;false;false
174510;2.29;0;0;273.62;ltr;false;false;false
174600;2.29;0;0;273.62;ltr;false;false;false
175410;3.48;0;0;273.95;ltr;false;false;false
175500;3.48;0;0;273.95;ltr;false;false;false
176310;2.81;0;0;274.28;ltr;false;false;false
176400;2.81;0;0;274.28;ltr;false;false;false
177210;2.49;0;0;274.61;ltr;false;false;false
177300;2.49;0;0;274.61;ltr;false;false;false
178110;4.23;0;0;274.95;ltr;false;false;false
178200;4.23;0;0;274.95;ltr;false;false;false
179010;7.67;0;0;274.99;ltr;false;false;false
179100;7.67;0;0;274.99;ltr;false;false;false
179910;3.91;0;0;275.04;ltr;false;false;false
180000;3.91;0;0;275.04;ltr;false;false;false
180810;9.57;0;0;275.09;ltr;false;false;false
180900;9.57;0;0;275.09;ltr;false;false;false
181710;8.55;0;0;275.14;ltr;false;false;false
181800;8.55;0;0;275.14;ltr;false;false;false
182610;11.55;0;0;275.07;ltr;false;false;false
182700;11.55;0;0;275.07;ltr;false;false;false
183510;9.42;0;0;275.00;ltr;false;false;false
183600;9.42;0;0;275.00;ltr;false;false;false
184410;2.25;0;0;274.93;ltr;false;false;false
184500;2.25;0;0;274.93;ltr;false;false;false
185310;2.59;0;0;274.87;ltr;false;false;false
185400;2.59;0;0;274.87;ltr;false;false;false
186210;4.72;0;0;274.77;ltr;false;false;false
186300;4.72;0;0;274.77;ltr;false;false;false
187110;3.76;0;0;274.68;ltr;false;false;false
187200;3.76;0;0;274.68;ltr;false;false;false
188010;2.81;0;0;274.58;ltr;false;false;false
188100;2.81;0;0;274.58;ltr;false;false;false
188910;1.35;0;0;274.49;ltr;false;false;false
189000;1.35;0;0;274.49;ltr;false;false;false
189810;0.69;0;0;274.44;ltr;false;false;false
189900;0.69;0;0;274.44;ltr;false;false;false
190710;3.84;0;0;274.39;ltr;false;false;false
190800;3.84;0;0;274.39;ltr;false;false;false
191610;6.21;0;0;274.35;ltr;false;false;false
191700;6.21;0;0;274.35;ltr;false;false;false
192510;6.91;0;0;274.30;ltr;false;false;false
192600;6.91;0;0;274.30;ltr;false;false;false
193410;4.08;0;0;274.24;ltr;false;false;false
193500;4.08;0;0;274.24;ltr;false;false;false
194310;2.15;0;0;274.18;ltr;false;false;false
194400;2.15;0;0;274.18;ltr;false;false;false
195210;6.10;0;0;274.11;ltr;false;false;false
195300;6.10;0;0;274.11;ltr;false;false;false
196110;5.12;0;0;274.05;ltr;false;false;false
196200;5.12;0;0;274.05;ltr;false;false;false
197010;4.34;0;0;274.04;ltr;false;false;false
197100;4.34;0;0;274.04;ltr;false;false;false
197910;5.47;0;0;274.03;ltr;false;false;false
198000;5.47;0;0;274.03;ltr;false;false;false
198810;5.84;0;0;274.01;ltr;false;false;false
198900;5.84;0;0;274.01;ltr;false;false;false
199710;4.75;0;0;274.00;ltr;false;false;false
199800;4.75;0;0;274.00;ltr;false;false;false
200610;6.30;0;0;273.97;ltr;false;false;false
200700;6.30;0;0;273.97;ltr;false;false;false
201510;7.10;0;0;273.94;ltr;false;false;false
201600;7.10;0;0;273.94;ltr;false;false;false
202410;7.31;0;0;273.92;ltr;false;false;false
202500;7.31;0;0;273.92;ltr;false;false;false
203310;3.65;0;0;273.89;ltr;false;false;false
203400;3.65;0;0;273.89;ltr;false;false;false
204210;4.79;0;0;273.94;ltr;false;false;false
204300;4.79;0;0;273.94;ltr;false;false;false
205110;2.54;0;0;274.00;ltr;false;false;false
205200;2.54;0;0;274.00;ltr;false;false;false
206010;5.56;0;0;274.05;ltr;false;false;false
206100;5.56;0;0;274.05;ltr;false;false;false
206910;5.92;0;0;274.11;ltr;false;false;false
207000;5.92;0;0;274.11;ltr;false;false;false
207810;4.68;0;0;274.11;ltr;false;false;false
207900;4.68;0;0;274.11;ltr;false;false;false
208710;7.07;0;0;274.11;ltr;false;false;false
208800;7.07;0;0;274.11;ltr;false;false;false
209610;2.96;0;0;274.11;ltr;false;false;false
209700;2.96;0;0;274.11;ltr;false;false;false
210510;5.57;0;0;274.11;ltr;false;false;false
210600;5.57;0;0;274.11;ltr;false;false;false
211410;6.38;0;0;274.13;ltr;false;false;false
211500;6.38;0;0;274.13;ltr;false;false;false
212310;6.49;0;0;274.15;ltr;false;false;false
212400;6.49;0;0;274.15;ltr;false;false;false
213210;5.75;0;0;274.17;ltr;false;false;false
213300;5.75;0;0;274.17;ltr;false;false;false
214110;5.26;0;0;274.19;ltr;false;false;false
214200;5.26;0;0;274.19;ltr;false;false;false
215010;5.66;0;0;274.18;ltr;false;false;false
215100;5.66;0;0;274.18;ltr;false;false;false
215910;6.48;0;0;274.18;ltr;false;false;false
216000;6.48;0;0;274.18;ltr;false;false;false
216810;4.71;0;0;274.17;ltr;false;false;false
216900;4.71;0;0;274.17;ltr;false;false;false
217710;3.50;0;0;274.16;ltr;false;false;false
217800;3.50;0;0;274.16;ltr;false;false;false
218610;4.76;0;0;274.11;ltr;false;false;false
218700;4.76;0;0;274.11;ltr;false;false;false
219510;0.92;0;0;274.05;ltr;false;false;false
219600;0.92;0;0;274.05;ltr;false;false;false
220410;4.88;0;0;274.00;ltr;false;false;false
220500;4.88;0;0;274.00;ltr;false;false;false
221310;2.90;0;0;273.94;ltr;false;false;false
221400;2.90;0;0;273.94;ltr;false;false;false
222210;3.89;0;0;273.95;ltr;false;false;false
222300;3.89;0;0;273.95;ltr;false;false;false
223110;3.71;0;0;273.96;ltr;false;false;false
223200;3.71;0;0;273.96;ltr;false;false;false
224010;4.92;0;0;273.96;ltr;false;false;false
224100;4.92;0;0;273.96;ltr;false;false;false
224910;3.96;0;0;273.97;ltr;false;false;false
225000;3.96;0;0;273.97;ltr;false;false;false
225810;1.96;0;0;273.98;ltr;false;false;false
225900;1.96;0;0;273.98;ltr;false;false;false
226710;4.61;0;0;274.00;ltr;false;false;false
226800;4.61;0;0;274.00;ltr;false;false;false
227610;3.65;0;0;274.01;ltr;false;false;false
227700;3.65;0;0;274.01;ltr;false;false;false
228510;4.77;0;0;274.03;ltr;false;false;false
228600;4.77;0;0;274.03;ltr;false;false;false
229410;6.11;0;0;274.18;ltr;false;false;false
229500;6.11;0;0;274.18;ltr;false;false;false
230310;5.44;0;0;274.34;ltr;false;false;false
230400;5.44;0;0;274.34;ltr;false;false;false
231210;5.47;0;0;274.49;ltr;false;false;false
231300;5.47;0;0;274.49;ltr;false;false;false
232110;5.21;0;0;274.65;ltr;false;false;false
232200;5.21;0;0;274.65;ltr;false;false;false
233010;5.99;0;0;274.83;ltr;false;false;false
233100;5.99;0;0;274.83;ltr;false;false;false
233910;6.00;0;0;275.00;ltr;false;false;false
234000;6.00;0;0;275.00;ltr;false;false;false
234810;4.64;0;0;275.18;ltr;false;false;false
234900;4.64;0;0;275.18;ltr;false;false;false
235710;5.90;0;0;275.35;ltr;false;false;false
235800;5.90;0;0;275.35;ltr;false;false;false
236610;5.89;0;0;275.43;ltr;false;false;false
236700;5.89;0;0;275.43;ltr;false;false;false
237510;5.76;0;0;275.51;ltr;false;false;false
237600;5.76;0;0;275.51;ltr;false;false;false
238410;7.79;0;0;275.59;ltr;false;false;false
238500;7.79;0;0;275.59;ltr;false;false;false
239310;6.27;0;0;275.67;ltr;false;false;false
239400;6.27;0;0;275.67;ltr;false;false;false
240210;2.61;0;0;275.85;ltr;false;false;false
240300;2.61;0;0;275.85;ltr;false;false;false
241110;2.34;0;0;276.03;ltr;false;false;false
241200;2.34;0;0;276.03;ltr;false;false;false
242010;8.82;0;0;276.21;ltr;false;false;false
242100;8.82;0;0;276.21;ltr;false;false;false
242910;4.20;0;0;276.39;ltr;false;false;false
243000;4.20;0;0;276.39;ltr;false;false;false
243810;5.72;0;0;276.43;ltr;false;false;false
243900;5.72;0;0;276.43;ltr;false;false;false
244710;6.90;0;0;276.48;ltr;false;false;false
244800;6.90;0;0;276.48;ltr;false;false;false
245610;7.11;0;0;276.52;ltr;false;false;false
245700;7.11;0;0;276.52;ltr;false;false;false
246510;2.74;0;0;276.57;ltr;false;false;false
246600;2.74;0;0;276.57;ltr;false;false;false
247410;4.01;0;0;276.62;ltr;false;false;false
247500;4.01;0;0;276.62;ltr;false;false;false
248310;5.67;0;0;276.68;ltr;false;false;false
248400;5.67;0;0;276.68;ltr;false;false;false
249210;6.58;0;0;276.73;ltr;false;false;false
249300;6.58;0;0;276.73;ltr;false;false;false
250110;5.32;0;0;276.78;ltr;false;false;false
250200;5.32;0;0;276.78;ltr;false;false;false
251010;5.38;0;0;276.85;ltr;false;false;false
251100;5.38;0;0;276.85;ltr;false;false;false
251910;5.79;0;0;276.91;ltr;false;false;false
252000;5.79;0;0;276.91;ltr;false;false;false
252810;5.81;0;0;276.98;ltr;false;false;false
252900;5.81;0;0;276.98;ltr;false;false;false
253710;10.36;0;0;277.04;ltr;false;false;false
253800;10.36;0;0;277.04;ltr;false;false;false
254610;2.90;0;0;277.10;ltr;false;false;false
254700;2.90;0;0;277.10;ltr;false;false;false
255510;-5.26;0;0;277.16;rtl;false;true;false
255600;-5.26;0;0;277.16;rtl;false;true;false
256410;7.09;0;0;277.22;ltr;false;true;false
256500;7.09;0;0;277.22;ltr;false;true;false
257310;1.81;0;0;277.28;ltr;false;false;false
257400;1.81;0;0;277.28;ltr;false;false;false
258210;5.43;0;0;277.28;ltr;false;false;false
258300;5.43;0;0;277.28;ltr;false;false;false
259110;1.74;0;0;277.29;ltr;false;false;false
259200;1.74;0;0;277.29;ltr;false;false;false
260010;1.63;0;0;277.30;ltr;false;false;false
260100;1.63;0;0;277.30;ltr;false;false;false
260910;8.91;0;0;277.30;ltr;false;false;false
261000;8.91;0;0;277.30;ltr;false;false;false
261810;2.78;0;0;277.28;ltr;false;false;false
261900;2.78;0;0;277.28;ltr;false;false;false
262710;4.13;0;0;277.25;ltr;false;false;false
262800;4.13;0;0;277.25;ltr;false;false;false
263610;4.80;0;0;277.22;ltr;false;false;false
263700;4.80;0;0;277.22;ltr;false;false;false
264510;1.85;0;0;277.20;ltr;false;false;false
264600;1.85;0;0;277.20;ltr;false;false;false
265410;1.70;0;0;277.09;ltr;false;false;false
265500;1.70;0;0;277.09;ltr;false;false;false
266310;0.97;0;0;276.98;ltr;false;false;false
266400;0.97;0;0;276.98;ltr;false;false;false
267210;1.74;0;0;276.87;ltr;false;false;false
267300;1.74;0;0;276.87;ltr;false;false;false
268110;1.60;0;0;276.75;ltr;false;false;false
268200;1.60;0;0;276.75;ltr;false;false;false
269010;1.75;0;0;276.61;ltr;false;false;false
269100;1.75;0;0;276.61;ltr;false;false;false
269910;0.25;0;0;276.46;ltr;false;false;false
270000;0.25;0;0;276.46;ltr;false;false;false
270810;5.62;0;0;276.32;ltr;false;false;false
270900;5.62;0;0;276.32;ltr;false;false;false
271710;6.28;0;0;276.17;ltr;false;false;false
271800;6.28;0;0;276.17;ltr;false;false;false
272610;0.18;0;0;276.08;ltr;false;false;false
272700;0.18;0;0;276.08;ltr;false;false;false
273510;1.54;0;0;275.99;ltr;false;false;false
273600;1.54;0;0;275.99;ltr;false;false;false
274410;2.68;0;0;275.90;ltr;false;false;false
274500;2.68;0;0;275.90;ltr;false;false;false
275310;1.49;0;0;275.80;ltr;false;false;false
275400;1.49;0;0;275.80;ltr;false;false;false
276210;2.41;0;0;275.69;ltr;false;false;false
276300;2.41;0;0;275.69;ltr;false;false;false
277110;1.84;0;0;275.58;ltr;false;false;false
277200;1.84;0;0;275.58;ltr;false;false;false
278010;2.32;0;0;275.46;ltr;false;false;false
278100;2.32;0;0;275.46;ltr;false;false;false
278910;2.21;0;0;275.35;ltr;false;false;false
279000;2.21;0;0;275.35;ltr;false;false;false
279810;2.37;0;0;275.36;ltr;false;false;false
279900;2.37;0;0;275.36;ltr;false;false;false
280710;2.96;0;0;275.36;ltr;false;false;false
280800;2.96;0;0;275.36;ltr;false;false;false
281610;3.50;0;0;275.37;ltr;false;false;false
281700;3.50;0;0;275.37;ltr;false;false;false
282510;3.37;0;0;275.38;ltr;false;false;false
282600;3.37;0;0;275.38;ltr;false;false;false
283410;3.17;0;0;275.32;ltr;false;false;false
283500;3.17;0;0;275.32;ltr;false;false;false
284310;1.37;0;0;275.27;ltr;false;false;false
284400;1.37;0;0;275.27;ltr;false;false;false
285210;1.37;0;0;275.22;ltr;false;false;false
285300;1.37;0;0;275.22;ltr;false;false;false
286110;2.16;0;0;275.16;ltr;false;false;false
286200;2.16;0;0;275.16;ltr;false;false;false
287010;2.07;0;0;275.14;ltr;false;false;false
287100;2.07;0;0;275.14;ltr;false;false;false
287910;1.81;0;0;275.12;ltr;false;false;false
288000;1.81;0;0;275.12;ltr;false;false;false
288810;1.38;0;0;275.10;ltr;false;false;false
288900;1.38;0;0;275.10;ltr;false;false;false
289710;1.36;0;0;275.08;ltr;false;false;false
289800;1.36;0;0;275.08;ltr;false;false;false
290610;1.70;0;0;275.15;ltr;false;false;false
290700;1.70;0;0;275.15;ltr;false;false;false
291510;1.78;0;0;275.22;ltr;false;false;false
291600;1.78;0;0;275.22;ltr;false;false;false
292410;1.98;0;0;275.28;ltr;false;false;false
292500;1.98;0;0;275.28;ltr;false;false;false
293310;2.39;0;0;275.35;ltr;false;false;false
293400;2.39;0;0;275.35;ltr;false;false;false
294210;1.28;0;0;275.22;ltr;false;false;false
294300;1.28;0;0;275.22;ltr;false;false;false
295110;1.17;0;0;275.08;ltr;false;false;false
295200;1.17;0;0;275.08;ltr;false;false;false
296010;4.30;0;0;274.95;ltr;false;false;false
296100;4.30;0;0;274.95;ltr;false;false;false
296910;4.11;0;0;274.81;ltr;false;false;false
297000;4.11;0;0;274.81;ltr;false;false;false
297810;3.09;0;0;274.86;ltr;false;false;false
297900;3.09;0;0;274.86;ltr;false;false;false
298710;3.51;0;0;274.91;ltr;false;false;false
298800;3.51;0;0;274.91;ltr;false;false;false
299610;4.26;0;0;274.95;ltr;false;false;false
299700;4.26;0;0;274.95;ltr;false;false;false
300510;6.38;0;0;275.00;ltr;false;false;false
300600;6.38;0;0;275.00;ltr;false;false;false
301410;8.86;0;0;274.85;ltr;false;false;false
301500;8.86;0;0;274.85;ltr;false;false;false
302310;9.00;0;0;274.69;ltr;false;false;false
302400;9.00;0;0;274.69;ltr;false;false;false
303210;8.74;0;0;274.54;ltr;false;false;false
303300;8.74;0;0;274.54;ltr;false;false;false
304110;10.61;0;0;274.38;ltr;false;false;false
304200;10.61;0;0;274.38;ltr;false;false;false
305010;6.76;0;0;274.36;ltr;false;false;false
305100;6.76;0;0;274.36;ltr;false;false;false
305910;6.63;0;0;274.34;ltr;false;false;false
306000;6.63;0;0;274.34;ltr;false;false;false
306810;6.70;0;0;274.32;ltr;false;false;false
306900;6.70;0;0;274.32;ltr;false;false;false
307710;7.08;0;0;274.30;ltr;false;false;false
307800;7.08;0;0;274.30;ltr;false;false;false
308610;7.85;0;0;274.24;ltr;false;false;false
308700;7.85;0;0;274.24;ltr;false;false;false
309510;8.95;0;0;274.18;ltr;false;false;false
309600;8.95;0;0;274.18;ltr;false;false;false
310410;-8.73;0;0;274.11;rtl;false;true;false
310500;-8.73;0;0;274.11;rtl;false;true;false
311310;9.71;0;0;274.05;ltr;false;true;false
311400;9.71;0;0;274.05;ltr;false;true;false
312210;11.55;0;0;274.12;ltr;false;false;false
312300;11.55;0;0;274.12;ltr;false;false;false
313110;6.75;0;0;274.19;ltr;false;false;false
313200;6.75;0;0;274.19;ltr;false;false;false
314010;-11.23;0;0;274.26;rtl;false;true;false
314100;-11.23;0;0;274.26;rtl;false;true;false
314910;10.70;0;0;274.33;ltr;false;true;false
315000;10.70;0;0;274.33;ltr;false;true;false
315810;-9.26;0;0;274.41;rtl;false;true;false
315900;-9.26;0;0;274.41;rtl;false;true;false
316710;7.55;0;0;274.49;ltr;false;true;false
316800;7.55;0;0;274.49;ltr;false;true;false
317610;8.68;0;0;274.57;ltr;false;false;false
317700;8.68;0;0;274.57;ltr;false;false;false
318510;12.05;0;0;274.65;ltr;false;false;false
318600;12.05;0;0;274.65;ltr;false;false;false
319410;-10.44;0;0;274.66;rtl;false;true;false
319500;-10.44;0;0;274.66;rtl;false;true;false
320310;-7.33;0;0;274.66;rtl;false;false;false
320400;-7.33;0;0;274.66;rtl;false;false;false
321210;-9.71;0;0;274.67;rtl;false;false;false
321300;-9.71;0;0;274.67;rtl;false;false;false
322110;12.87;0;0;274.68;ltr;false;true;false
322200;12.87;0;0;274.68;ltr;false;true;false
323010;-1.39;0;0;274.70;rtl;false;true;false
323100;-1.39;0;0;274.70;rtl;false;true;false
323910;13.29;0;0;274.72;ltr;false;true;false
324000;13.29;0;0;274.72;ltr;false;true;false
324810;4.30;0;0;274.74;ltr;false;false;false
324900;4.30;0;0;274.74;ltr;false;false;false
325710;11.86;0;0;274.76;ltr;false;false;false
325800;11.86;0;0;274.76;ltr;false;false;false
326610;13.29;0;0;274.74;ltr;false;false;false
326700;13.29;0;0;274.74;ltr;false;false;false
327510;-1.91;0;0;274.72;rtl;false;true;false
327600;-1.91;0;0;274.72;rtl;false;true;false
328410;13.68;0;0;274.70;ltr;false;true;false
328500;13.68;0;0;274.70;ltr;false;true;false
329310;11.03;0;0;274.68;ltr;false;false;false
329400;11.03;0;0;274.68;ltr;false;false;false
330210;11.78;0;0;274.70;ltr;false;false;false
330300;11.78;0;0;274.70;ltr;false;false;false
331110;-8.98;0;0;274.72;rtl;false;true;false
331200;-8.98;0;0;274.72;rtl;false;true;false
332010;10.85;0;0;274.74;ltr;false;true;false
332100;10.85;0;0;274.74;ltr;false;true;false
332910;-9.93;0;0;274.76;rtl;false;true;false
333000;-9.93;0;0;274.76;rtl;false;true;false
333810;-13.25;0;0;274.77;rtl;false;false;false
333900;-13.25;0;0;274.77;rtl;false;false;false
334710;-12.53;0;0;274.79;rtl;false;false;false
334800;-12.53;0;0;274.79;rtl;false;false;false
335610;-11.96;0;0;274.80;rtl;false;false;false
335700;-11.96;0;0;274.80;rtl;false;false;false
336510;-10.90;0;0;274.81;rtl;false;false;false
336600;-10.90;0;0;274.81;rtl;false;false;false
337410;-7.08;0;0;274.80;rtl;false;false;false
337500;-7.08;0;0;274.80;rtl;false;false;false
338310;-10.25;0;0;274.79;rtl;false;false;false
338400;-10.25;0;0;274.79;rtl;false;false;false
339210;-8.23;0;0;274.77;rtl;false;false;false
339300;-8.23;0;0;274.77;rtl;false;false;false
340110;-6.94;0;0;274.76;rtl;false;false;false
340200;-6.94;0;0;274.76;rtl;false;false;false
341010;3.36;0;0;274.71;ltr;false;true;false
341100;3.36;0;0;274.71;ltr;false;true;false
341910;-5.62;0;0;274.65;rtl;false;true;false
342000;-5.62;0;0;274.65;rtl;false;true;false
342810;-10.61;0;0;274.60;rtl;false;false;false
342900;-10.61;0;0;274.60;rtl;false;false;false
343710;-4.56;0;0;274.54;rtl;false;false;false
343800;-4.56;0;0;274.54;rtl;false;false;false
344610;-8.65;0;0;274.47;rtl;false;false;false
344700;-8.65;0;0;274.47;rtl;false;false;false
345510;-2.09;0;0;274.39;rtl;false;false;false
345600;-2.09;0;0;274.39;rtl;false;false;false
346410;-9.80;0;0;274.32;rtl;false;false;false
346500;-9.80;0;0;274.32;rtl;false;false;false
347310;-6.49;0;0;274.24;rtl;false;false;false
347400;-6.49;0;0;274.24;rtl;false;false;false
348210;-9.50;0;0;274.08;rtl;false;false;false
348300;-9.50;0;0;274.08;rtl;false;false;false
349110;-9.80;0;0;273.92;rtl;false;false;false
349200;-9.80;0;0;273.92;rtl;false;false;false
350010;-8.79;0;0;273.75;rtl;false;false;false
350100;-8.79;0;0;273.75;rtl;false;false;false
350910;-6.79;0;0;273.59;rtl;false;false;false
351000;-6.79;0;0;273.59;rtl;false;false;false
351810;-6.02;0;0;273.37;rtl;false;false;false
351900;-6.02;0;0;273.37;rtl;false;false;false
352710;-5.29;0;0;273.16;rtl;false;false;false
352800;-5.29;0;0;273.16;rtl;false;false;false
353610;-4.87;0;0;272.94;rtl;false;false;false
353700;-4.87;0;0;272.94;rtl;false;false;false
354510;-4.60;0;0;272.73;rtl;false;false;false
354600;-4.60;0;0;272.73;rtl;false;false;false
355410;-3.28;0;0;272.78;rtl;false;false;false
355500;-3.28;0;0;272.78;rtl;false;false;false
356310;-3.79;0;0;272.83;rtl;false;false;false
356400;-3.79;0;0;272.83;rtl;false;false;false
357210;-3.51;0;0;272.88;rtl;false;false;false
357300;-3.51;0;0;272.88;rtl;false;false;false
358110;-3.10;0;0;272.92;rtl;false;false;false
358200;-3.10;0;0;272.92;rtl;false;false;false
359010;-4.82;0;0;273.07;rtl;false;false;false
359100;-4.82;0;0;273.07;rtl;false;false;false
359910;-4.61;0;0;273.21;rtl;false;false;false
360000;-4.61;0;0;273.21;rtl;false;false;false
360810;-0.89;0;0;273.36;rtl;false;false;false
360900;-0.89;0;0;273.36;rtl;false;false;false
361710;-4.30;0;0;273.51;rtl;false;false;false
361800;-4.30;0;0;273.51;rtl;false;false;false
362610;-2.90;0;0;273.51;rtl;false;false;false
362700;-2.90;0;0;273.51;rtl;false;false;false
363510;-2.21;0;0;273.51;rtl;false;false;false
363600;-2.21;0;0;273.51;rtl;false;false;false
364410;-4.04;0;0;273.51;rtl;false;false;false
364500;-4.04;0;0;273.51;rtl;false;false;false
365310;-5.49;0;0;273.51;rtl;false;false;false
365400;-5.49;0;0;273.51;rtl;false;false;false
366210;-5.48;0;0;273.55;rtl;false;false;false
366300;-5.48;0;0;273.55;rtl;false;false;false
367110;-5.29;0;0;273.59;rtl;false;false;false
367200;-5.29;0;0;273.59;rtl;false;false;false
368010;-5.32;0;0;273.63;rtl;false;false;false
368100;-5.32;0;0;273.63;rtl;false;false;false
368910;-6.38;0;0;273.67;rtl;false;false;false
369000;-6.38;0;0;273.67;rtl;false;false;false
369810;-3.44;0;0;273.68;rtl;false;false;false
369900;-3.44;0;0;273.68;rtl;false;false;false
370710;-0.91;0;0;273.68;rtl;false;false;false
370800;-0.91;0;0;273.68;rtl;false;false;false
371610;-1.46;0;0;273.69;rtl;false;false;false
371700;-1.46;0;0;273.69;rtl;false;false;false
372510;-2.02;0;0;273.70;rtl;false;false;false
372600;-2.02;0;0;273.70;rtl;false;false;false
373410;-2.34;0;0;273.70;rtl;false;false;false
373500;-2.34;0;0;273.70;rtl;false;false;false
374310;-2.05;0;0;273.71;rtl;false;false;false
374400;-2.05;0;0;273.71;rtl;false;false;false
375210;-2.15;0;0;273.72;rtl;false;false;false
375300;-2.15;0;0;273.72;rtl;false;false;false
376110;-1.76;0;0;273.73;rtl;false;false;false
376200;-1.76;0;0;273.73;rtl;false;false;false
377010;-2.39;0;0;273.67;rtl;false;false;false
377100;-2.39;0;0;273.67;rtl;false;false;false
377910;-2.32;0;0;273.62;rtl;false;false;false
378000;-2.32;0;0;273.62;rtl;false;false;false
378810;-1.62;0;0;273.56;rtl;false;false;false
378900;-1.62;0;0;273.56;rtl;false;false;false
379710;-1.02;0;0;273.51;rtl;false;false;false
379800;-1.02;0;0;273.51;rtl;false;false;false
380610;-0.18;0;0;273.48;rtl;false;false;false
380700;-0.18;0;0;273.48;rtl;false;false;false
381510;-0.14;0;0;273.46;rtl;false;false;false
381600;-0.14;0;0;273.46;rtl;false;false;false
382410;-0.14;0;0;273.44;rtl;false;false;false
382500;-0.14;0;0;273.44;rtl;false;false;false
383310;-0.07;0;0;273.42;rtl;false;false;false
383400;-0.07;0;0;273.42;rtl;false;false;false
384210;0.00;0;0;273.41;rtl;false;false;true
384300;0.00;0;0;273.41;rtl;false;false;true
385110;-0.06;0;0;273.39;rtl;false;false;false
385200;-0.06;0;0;273.39;rtl;false;false;false
386010;-0.05;0;0;273.38;rtl;false;false;false
386100;-0.05;0;0;273.38;rtl;false;false;false
386910;-0.09;0;0;273.37;rtl;false;false;false
387000;-0.09;0;0;273.37;rtl;false;false;false
387810;0.00;0;0;273.37;rtl;false;false;true
387900;0.00;0;0;273.37;rtl;false;false;true
388710;-0.47;0;0;273.37;rtl;false;false;false
388800;-0.47;0;0;273.37;rtl;false;false;false
389610;-0.23;0;0;273.37;rtl;false;false;false
389700;-0.23;0;0;273.37;rtl;false;false;false
390510;-0.05;0;0;273.37;rtl;false;false;false
390600;-0.05;0;0;273.37;rtl;false;false;false
391410;-0.05;0;0;273.33;rtl;false;false;false
391500;-0.05;0;0;273.33;rtl;false;false;false
392310;0.00;0;0;273.30;rtl;false;false;true
392400;0.00;0;0;273.30;rtl;false;false;true
393210;0.00;0;0;273.26;rtl;false;false;true
393300;0.00;0;0;273.26;rtl;false;false;true
394110;0.00;0;0;273.23;rtl;false;false;true
394200;0.00;0;0;273.23;rtl;false;false;true
395010;0.00;0;0;273.23;rtl;false;false;true
395100;0.00;0;0;273.23;rtl;false;false;true
395910;0.00;0;0;273.23;rtl;false;false;true
396000;0.00;0;0;273.23;rtl;false;false;true
396810;0.00;0;0;273.23;rtl;false;false;true
396900;0.00;0;0;273.23;rtl;false;false;true
397710;0.00;0;0;273.23;rtl;false;false;true
397800;0.00;0;0;273.23;rtl;false;false;true
398610;0.00;0;0;273.22;rtl;false;false;true
398700;0.00;0;0;273.22;rtl;false;false;true
399510;0.00;0;0;273.22;rtl;false;false;true
399600;0.00;0;0;273.22;rtl;false;false;true
400410;0.00;0;0;273.21;rtl;false;false;true
400500;0.00;0;0;273.21;rtl;false;false;true
401310;0.00;0;0;273.20;rtl;false;false;true
401400;0.00;0;0;273.20;rtl;false;false;true
402210;0.00;0;0;273.15;rtl;false;false;true
402300;0.00;0;0;273.15;rtl;false;false;true
403110;0.00;0;0;273.10;rtl;false;false;true
403200;0.00;0;0;273.10;rtl;false;false;true
404010;0.00;0;0;273.06;rtl;false;false;true
404100;0.00;0;0;273.06;rtl;false;false;true
404910;-0.05;0;0;273.01;rtl;false;false;false
405000;-0.05;0;0;273.01;rtl;false;false;false
405810;0.00;0;0;273.00;rtl;false;false;true
405900;0.00;0;0;273.00;rtl;false;false;true
406710;0.00;0;0;272.99;rtl;false;false;true
406800;0.00;0;0;272.99;rtl;false;false;true
407610;0.00;0;0;272.99;rtl;false;false;true
407700;0.00;0;0;272.99;rtl;false;false;true
408510;0.00;0;0;272.98;rtl;false;false;true
408600;0.00;0;0;272.98;rtl;false;false;true
409410;0.00;0;0;272.93;rtl;false;false;true
409500;0.00;0;0;272.93;rtl;false;false;true
410310;0.00;0;0;272.88;rtl;false;false;true
410400;0.00;0;0;272.88;rtl;false;false;true
411210;-0.14;0;0;272.83;rtl;false;false;false
411300;-0.14;0;0;272.83;rtl;false;false;false
412110;0.00;0;0;272.78;rtl;false;false;true
412200;0.00;0;0;272.78;rtl;false;false;true
413010;0.00;0;0;272.72;rtl;false;false;true
413100;0.00;0;0;272.72;rtl;false;false;true
413910;0.00;0;0;272.66;rtl;false;false;true
414000;0.00;0;0;272.66;rtl;false;false;true
414810;-0.10;0;0;272.60;rtl;false;false;false
414900;-0.10;0;0;272.60;rtl;false;false;false
415710;-0.35;0;0;272.53;rtl;false;false;false
415800;-0.35;0;0;272.53;rtl;false;false;false
416610;-0.22;0;0;272.67;rtl;false;false;false
416700;-0.22;0;0;272.67;rtl;false;false;false
417510;-1.18;0;0;272.80;rtl;false;false;false
417600;-1.18;0;0;272.80;rtl;false;false;false
418410;-1.01;0;0;272.93;rtl;false;false;false
418500;-1.01;0;0;272.93;rtl;false;false;false
419310;-1.32;0;0;273.06;rtl;false;false;false
419400;-1.32;0;0;273.06;rtl;false;false;false
420210;-0.95;0;0;273.16;rtl;false;false;false
420300;-0.95;0;0;273.16;rtl;false;false;false
421110;-0.37;0;0;273.26;rtl;false;false;false
421200;-0.37;0;0;273.26;rtl;false;false;false
422010;-0.73;0;0;273.35;rtl;false;false;false
422100;-0.73;0;0;273.35;rtl;false;false;false
422910;-1.94;0;0;273.45;rtl;false;false;false
423000;-1.94;0;0;273.45;rtl;false;false;false
423810;-2.77;0;0;273.55;rtl;false;false;false
423900;-2.77;0;0;273.55;rtl;false;false;false
424710;-3.10;0;0;273.64;rtl;false;false;false
424800;-3.10;0;0;273.64;rtl;false;false;false
425610;-4.23;0;0;273.74;rtl;false;false;false
425700;-4.23;0;0;273.74;rtl;false;false;false
426510;-2.58;0;0;273.83;rtl;false;false;false
426600;-2.58;0;0;273.83;rtl;false;false;false
427410;-1.97;0;0;273.90;rtl;false;false;false
427500;-1.97;0;0;273.90;rtl;false;false;false
428310;-3.40;0;0;273.96;rtl;false;false;false
428400;-3.40;0;0;273.96;rtl;false;false;false
429210;-1.90;0;0;274.02;rtl;false;false;false
429300;-1.90;0;0;274.02;rtl;false;false;false
430110;-2.30;0;0;274.08;rtl;false;false;false
430200;-2.30;0;0;274.08;rtl;false;false;false
431010;-4.11;0;0;274.04;rtl;false;false;false
431100;-4.11;0;0;274.04;rtl;false;false;false
431910;-2.38;0;0;274.00;rtl;false;false;false
432000;-2.38;0;0;274.00;rtl;false;false;false
432810;-2.23;0;0;273.96;rtl;false;false;false
432900;-2.23;0;0;273.96;rtl;false;false;false
433710;-1.81;0;0;273.92;rtl;false;false;false
433800;-1.81;0;0;273.92;rtl;false;false;false
434610;-0.71;0;0;273.69;rtl;false;false;false
434700;-0.71;0;0;273.69;rtl;false;false;false
435510;-0.25;0;0;273.46;rtl;false;false;false
435600;-0.25;0;0;273.46;rtl;false;false;false
436410;-0.41;0;0;273.23;rtl;false;false;false
436500;-0.41;0;0;273.23;rtl;false;false;false
437310;-0.20;0;0;273.01;rtl;false;false;false
437400;-0.20;0;0;273.01;rtl;false;false;false
438210;-0.69;0;0;273.04;rtl;false;false;false
438300;-0.69;0;0;273.04;rtl;false;false;false
439110;0.60;0;0;273.08;ltr;false;true;false
439200;0.60;0;0;273.08;ltr;false;true;false
440010;0.13;0;0;273.11;ltr;false;false;false
440100;0.13;0;0;273.11;ltr;false;false;false
440910;0.62;0;0;273.15;ltr;false;false;false
441000;0.62;0;0;273.15;ltr;false;false;false
441810;0.38;0;0;273.18;ltr;false;false;false
441900;0.38;0;0;273.18;ltr;false;false;false
442710;0.30;0;0;273.22;ltr;false;false;false
442800;0.30;0;0;273.22;ltr;false;false;false
443610;0.50;0;0;273.25;ltr;false;false;false
443700;0.50;0;0;273.25;ltr;false;false;false
444510;0.90;0;0;273.28;ltr;false;false;false
444600;0.90;0;0;273.28;ltr;false;false;false
445410;1.07;0;0;273.33;ltr;false;false;false
445500;1.07;0;0;273.33;ltr;false;false;false
446310;0.10;0;0;273.37;ltr;false;false;false
446400;0.10;0;0;273.37;ltr;false;false;false
447210;0.00;0;0;273.41;ltr;false;false;true
447300;0.00;0;0;273.41;ltr;false;false;true
448110;0.29;0;0;273.45;ltr;false;false;false
448200;0.29;0;0;273.45;ltr;false;false;false
449010;0.29;0;0;273.46;ltr;false;false;false
449100;0.29;0;0;273.46;ltr;false;false;false
449910;0.00;0;0;273.48;ltr;false;false;true
450000;0.00;0;0;273.48;ltr;false;false;true
450810;0.00;0;0;273.49;ltr;false;false;true
450900;0.00;0;0;273.49;ltr;false;false;true
451710;0.10;0;0;273.51;ltr;false;false;false
451800;0.10;0;0;273.51;ltr;false;false;false
452610;0.00;0;0;273.53;ltr;false;false;true
452700;0.00;0;0;273.53;ltr;false;false;true
453510;0.00;0;0;273.56;ltr;false;false;true
453600;0.00;0;0;273.56;ltr;false;false;true
454410;0.10;0;0;273.59;ltr;false;false;false
454500;0.10;0;0;273.59;ltr;false;false;false
455310;0.00;0;0;273.62;ltr;false;false;true
455400;0.00;0;0;273.62;ltr;false;false;true
456210;0.00;0;0;273.60;ltr;false;false;true
456300;0.00;0;0;273.60;ltr;false;false;true
457110;0.07;0;0;273.59;ltr;false;false;false
457200;0.07;0;0;273.59;ltr;false;false;false
458010;0.00;0;0;273.57;ltr;false;false;true
458100;0.00;0;0;273.57;ltr;false;false;true
458910;0.00;0;0;273.56;ltr;false;false;true
459000;0.00;0;0;273.56;ltr;false;false;true
459810;0.00;0;0;273.55;ltr;false;false;true
459900;0.00;0;0;273.55;ltr;false;false;true
460710;0.00;0;0;273.53;ltr;false;false;true
460800;0.00;0;0;273.53;ltr;false;false;true
461610;0.00;0;0;273.52;ltr;false;false;true
461700;0.00;0;0;273.52;ltr;false;false;true
462510;0.00;0;0;273.51;ltr;false;false;true
462600;0.00;0;0;273.51;ltr;false;false;true
463410;0.00;0;0;273.50;ltr;false;false;true
463500;0.00;0;0;273.50;ltr;false;false;true
464310;0.00;0;0;273.49;ltr;false;false;true
464400;0.00;0;0;273.49;ltr;false;false;true
465210;0.00;0;0;273.48;ltr;false;false;true
465300;0.00;0;0;273.48;ltr;false;false;true
466110;0.00;0;0;273.48;ltr;false;false;true
466200;0.00;0;0;273.48;ltr;false;false;true
467010;0.09;0;0;273.48;ltr;false;false;false
467100;0.09;0;0;273.48;ltr;false;false;false
467910;1.17;0;0;273.48;ltr;false;false;false
468000;1.17;0;0;273.48;ltr;false;false;false
468810;0.50;0;0;273.48;ltr;false;false;false
468900;0.50;0;0;273.48;ltr;false;false;false
469710;0.68;0;0;273.48;ltr;false;false;false
469800;0.68;0;0;273.48;ltr;false;false;false
470610;0.00;0;0;273.49;ltr;false;false;true
470700;0.00;0;0;273.49;ltr;false;false;true
471510;0.00;0;0;273.50;ltr;false;false;true
471600;0.00;0;0;273.50;ltr;false;false;true
472410;0.00;0;0;273.52;ltr;false;false;true
472500;0.00;0;0;273.52;ltr;false;false;true
473310;0.00;0;0;273.53;ltr;false;false;true
473400;0.00;0;0;273.53;ltr;false;false;true
474210;0.00;0;0;273.52;ltr;false;false;true
474300;0.00;0;0;273.52;ltr;false;false;true
475110;0.00;0;0;273.50;ltr;false;false;true
475200;0.00;0;0;273.50;ltr;false;false;true
476010;0.30;0;0;273.49;ltr;false;false;false
476100;0.30;0;0;273.49;ltr;false;false;false
476910;0.29;0;0;273.48;ltr;false;false;false
477000;0.29;0;0;273.48;ltr;false;false;false
477810;0.29;0;0;273.47;ltr;false;false;false
477900;0.29;0;0;273.47;ltr;false;false;false
478710;0.10;0;0;273.46;ltr;false;false;false
478800;0.10;0;0;273.46;ltr;false;false;false
479610;0.00;0;0;273.46;ltr;false;false;false
479700;0.00;0;0;273.46;ltr;false;false;false
480510;-1.27;0;0;273.45;rtl;false;true;false
480600;-1.27;0;0;273.45;rtl;false;true;false
481410;-1.18;0;0;273.48;rtl;false;false;false
481500;-1.18;0;0;273.48;rtl;false;false;false
482310;-0.38;0;0;273.51;rtl;false;false;false
482400;-0.38;0;0;273.51;rtl;false;false;false
483210;-0.24;0;0;273.53;rtl;false;false;false
483300;-0.24;0;0;273.53;rtl;false;false;false
484110;-0.44;0;0;273.56;rtl;false;false;false
484200;-0.44;0;0;273.56;rtl;false;false;false
485010;-0.80;0;0;273.70;rtl;false;false;false
485100;-0.80;0;0;273.70;rtl;false;false;false
485910;-0.86;0;0;273.83;rtl;false;false;false
486000;-0.86;0;0;273.83;rtl;false;false;false
486810;-2.22;0;0;273.97;rtl;false;false;false
486900;-2.22;0;0;273.97;rtl;false;false;false
487710;-2.84;0;0;274.11;rtl;false;false;false
487800;-2.84;0;0;274.11;rtl;false;false;false
488610;-2.90;0;0;274.13;rtl;false;false;false
488700;-2.90;0;0;274.13;rtl;false;false;false
489510;-2.00;0;0;274.15;rtl;false;false;false
489600;-2.00;0;0;274.15;rtl;false;false;false
490410;-1.20;0;0;274.17;rtl;false;false;false
490500;-1.20;0;0;274.17;rtl;false;false;false
491310;-1.58;0;0;274.19;rtl;false;false;false
491400;-1.58;0;0;274.19;rtl;false;false;false
492210;-2.25;0;0;274.14;rtl;false;false;false
492300;-2.25;0;0;274.14;rtl;false;false;false
493110;-1.17;0;0;274.09;rtl;false;false;false
493200;-1.17;0;0;274.09;rtl;false;false;false
494010;-1.41;0;0;274.05;rtl;false;false;false
494100;-1.41;0;0;274.05;rtl;false;false;false
494910;-1.83;0;0;274.00;rtl;false;false;false
495000;-1.83;0;0;274.00;rtl;false;false;false
495810;-1.34;0;0;274.05;rtl;false;false;false
495900;-1.34;0;0;274.05;rtl;false;false;false
496710;-1.05;0;0;274.11;rtl;false;false;false
496800;-1.05;0;0;274.11;rtl;false;false;false
497610;-2.38;0;0;274.16;rtl;false;false;false
497700;-2.38;0;0;274.16;rtl;false;false;false
498510;-0.79;0;0;274.22;rtl;false;false;false
498600;-0.79;0;0;274.22;rtl;false;false;false
499410;-1.58;0;0;274.30;rtl;false;false;false
499500;-1.58;0;0;274.30;rtl;false;false;false
500310;-2.54;0;0;274.38;rtl;false;false;false
500400;-2.54;0;0;274.38;rtl;false;false;false
501210;-2.15;0;0;274.46;rtl;false;false;false
501300;-2.15;0;0;274.46;rtl;false;false;false
502110;-1.86;0;0;274.54;rtl;false;false;false
502200;-1.86;0;0;274.54;rtl;false;false;false
503010;-1.66;0;0;274.56;rtl;false;false;false
503100;-1.66;0;0;274.56;rtl;false;false;false
503910;-1.08;0;0;274.58;rtl;false;false;false
504000;-1.08;0;0;274.58;rtl;false;false;false
504810;-0.29;0;0;274.60;rtl;false;false;false
504900;-0.29;0;0;274.60;rtl;false;false;false
505710;0.00;0;0;274.62;rtl;false;false;true
505800;0.00;0;0;274.62;rtl;false;false;true
506610;-0.99;0;0;274.73;rtl;false;false;false
506700;-0.99;0;0;274.73;rtl;false;false;false
507510;-2.41;0;0;274.83;rtl;false;false;false
507600;-2.41;0;0;274.83;rtl;false;false;false
508410;-3.03;0;0;274.93;rtl;false;false;false
508500;-3.03;0;0;274.93;rtl;false;false;false
509310;-3.89;0;0;275.03;rtl;false;false;false
509400;-3.89;0;0;275.03;rtl;false;false;false
510210;-2.49;0;0;275.12;rtl;false;false;false
510300;-2.49;0;0;275.12;rtl;false;false;false
511110;-1.54;0;0;275.20;rtl;false;false;false
511200;-1.54;0;0;275.20;rtl;false;false;false
512010;-2.30;0;0;275.29;rtl;false;false;false
512100;-2.30;0;0;275.29;rtl;false;false;false
512910;-3.60;0;0;275.38;rtl;false;false;false
513000;-3.60;0;0;275.38;rtl;false;false;false
513810;-2.49;0;0;275.56;rtl;false;false;false
513900;-2.49;0;0;275.56;rtl;false;false;false
514710;-2.99;0;0;275.74;rtl;false;false;false
514800;-2.99;0;0;275.74;rtl;false;false;false
515610;-4.63;0;0;275.92;rtl;false;false;false
515700;-4.63;0;0;275.92;rtl;false;false;false
516510;-4.66;0;0;276.10;rtl;false;false;false
516600;-4.66;0;0;276.10;rtl;false;false;false
517410;-3.86;0;0;276.15;rtl;false;false;false
517500;-3.86;0;0;276.15;rtl;false;false;false
518310;-3.42;0;0;276.20;rtl;false;false;false
518400;-3.42;0;0;276.20;rtl;false;false;false
519210;-4.21;0;0;276.25;rtl;false;false;false
519300;-4.21;0;0;276.25;rtl;false;false;false
520110;-4.35;0;0;276.31;rtl;false;false;false
520200;-4.35;0;0;276.31;rtl;false;false;false
521010;-4.39;0;0;276.35;rtl;false;false;false
521100;-4.39;0;0;276.35;rtl;false;false;false
521910;-4.66;0;0;276.39;rtl;false;false;false
522000;-4.66;0;0;276.39;rtl;false;false;false
522810;-4.35;0;0;276.42;rtl;false;false;false
522900;-4.35;0;0;276.42;rtl;false;false;false
523710;-5.34;0;0;276.46;rtl;false;false;false
523800;-5.34;0;0;276.46;rtl;false;false;false
524610;-5.80;0;0;276.41;rtl;false;false;false
524700;-5.80;0;0;276.41;rtl;false;false;false
525510;-5.20;0;0;276.36;rtl;false;false;false
525600;-5.20;0;0;276.36;rtl;false;false;false
526410;-5.19;0;0;276.31;rtl;false;false;false
526500;-5.19;0;0;276.31;rtl;false;false;false
527310;-5.43;0;0;276.25;rtl;false;false;false
527400;-5.43;0;0;276.25;rtl;false;false;false
528210;-3.44;0;0;276.23;rtl;false;false;false
528300;-3.44;0;0;276.23;rtl;false;false;false
529110;-6.04;0;0;276.20;rtl;false;false;false
529200;-6.04;0;0;276.20;rtl;false;false;false
530010;-6.33;0;0;276.17;rtl;false;false;false
530100;-6.33;0;0;276.17;rtl;false;false;false
530910;-6.93;0;0;276.15;rtl;false;false;false
531000;-6.93;0;0;276.15;rtl;false;false;false
531810;-7.15;0;0;276.15;rtl;false;false;false
531900;-7.15;0;0;276.15;rtl;false;false;false
532710;-7.21;0;0;276.15;rtl;false;false;false
532800;-7.21;0;0;276.15;rtl;false;false;false
533610;-5.06;0;0;276.15;rtl;false;false;false
533700;-5.06;0;0;276.15;rtl;false;false;false
534510;1.62;0;0;276.15;ltr;false;true;false
534600;1.62;0;0;276.15;ltr;false;true;false
535410;-6.05;0;0;276.17;rtl;false;true;false
535500;-6.05;0;0;276.17;rtl;false;true;false
536310;-7.40;0;0;276.20;rtl;false;false;false
536400;-7.40;0;0;276.20;rtl;false;false;false
537210;-2.21;0;0;276.23;rtl;false;false;false
537300;-2.21;0;0;276.23;rtl;false;false;false
538110;-7.12;0;0;276.25;rtl;false;false;false
538200;-7.12;0;0;276.25;rtl;false;false;false
539010;8.93;0;0;276.26;ltr;false;true;false
539100;8.93;0;0;276.26;ltr;false;true;false
539910;2.41;0;0;276.27;ltr;false;false;false
540000;2.41;0;0;276.27;ltr;false;false;false
540810;8.99;0;0;276.27;ltr;false;false;false
540900;8.99;0;0;276.27;ltr;false;false;false
541710;-4.98;0;0;276.28;rtl;false;true;false
541800;-4.98;0;0;276.28;rtl;false;true;false
542610;8.25;0;0;276.30;ltr;false;true;false
542700;8.25;0;0;276.30;ltr;false;true;false
543510;8.95;0;0;276.32;ltr;false;false;false
543600;8.95;0;0;276.32;ltr;false;false;false
544410;3.78;0;0;276.34;ltr;false;false;false
544500;3.78;0;0;276.34;ltr;false;false;false
545310;7.99;0;0;276.36;ltr;false;false;false
545400;7.99;0;0;276.36;ltr;false;false;false
546210;-4.47;0;0;276.41;rtl;false;true;false
546300;-4.47;0;0;276.41;rtl;false;true;false
547110;7.09;0;0;276.45;ltr;false;true;false
547200;7.09;0;0;276.45;ltr;false;true;false
548010;7.48;0;0;276.50;ltr;false;false;false
548100;7.48;0;0;276.50;ltr;false;false;false
548910;8.17;0;0;276.54;ltr;false;false;false
549000;8.17;0;0;276.54;ltr;false;false;false
549810;8.08;0;0;276.59;ltr;false;false;false
549900;8.08;0;0;276.59;ltr;false;false;false
550710;-3.76;0;0;276.64;rtl;false;true;false
550800;-3.76;0;0;276.64;rtl;false;true;false
551610;7.75;0;0;276.68;ltr;false;true;false
551700;7.75;0;0;276.68;ltr;false;true;false
552510;6.30;0;0;276.73;ltr;false;false;false
552600;6.30;0;0;276.73;ltr;false;false;false
553410;6.70;0;0;276.77;ltr;false;false;false
553500;6.70;0;0;276.77;ltr;false;false;false
554310;4.90;0;0;276.81;ltr;false;false;false
554400;4.90;0;0;276.81;ltr;false;false;false
555210;6.31;0;0;276.85;ltr;false;false;false
555300;6.31;0;0;276.85;ltr;false;false;false
